GCCSA code,GCCSA name,SA4 code,SA4 name,SA3 code,SA3 name,SA2 code,SA2 name,2022 no,2023 no,2022-23 no,2022-23 %,Natural increase,Net internal migration,Net overseas migration,Area (km2),persons/km2
2RVIC,Rest of Vic.,201,Ballarat,20101,Ballarat,201011001,Alfredton,18002,18997,995,5.5,140,695,160,52.7,360.4
2RVIC,Rest of Vic.,201,Ballarat,20101,Ballarat,201011002,Ballarat,11938,11809,-129,-1.1,-57,-213,141,12.4,954
2RVIC,Rest of Vic.,201,Ballarat,20101,Ballarat,201011005,Buninyong,7247,7323,76,1,15,-19,80,51.6,142
2RVIC,Rest of Vic.,201,Ballarat,20101,Ballarat,201011006,Delacombe,11798,12869,1071,9.1,133,898,40,34.2,376.7
2RVIC,Rest of Vic.,201,Ballarat,20101,Ballarat,201011007,Smythes Creek,4223,4268,45,1.1,11,31,3,104.7,40.8
2RVIC,Rest of Vic.,201,Ballarat,20101,Ballarat,201011008,Wendouree - Miners Rest,15388,15431,43,0.3,34,-100,109,67.6,228.4
2RVIC,Rest of Vic.,201,Ballarat,20101,Ballarat,201011481,Ballarat East - Warrenheip,9641,9628,-13,-0.1,-68,-3,58,19.2,501
2RVIC,Rest of Vic.,201,Ballarat,20101,Ballarat,201011482,Ballarat North - Invermay,14892,15015,123,0.8,51,-11,83,73.1,205.3
2RVIC,Rest of Vic.,201,Ballarat,20101,Ballarat,201011483,Canadian - Mount Clear,12395,12433,38,0.3,18,-127,147,22.3,558.2
2RVIC,Rest of Vic.,201,Ballarat,20101,Ballarat,201011484,Sebastopol - Redan,12960,12885,-75,-0.6,7,-142,60,10.6,1217.7
2RVIC,Rest of Vic.,201,Ballarat,20102,Creswick - Daylesford - Ballan,201021009,Bacchus Marsh Surrounds,6541,6639,98,1.5,32,49,17,1038.8,6.4
2RVIC,Rest of Vic.,201,Ballarat,20102,Creswick - Daylesford - Ballan,201021010,Creswick - Clunes,7969,7987,18,0.2,-15,12,21,856.8,9.3
2RVIC,Rest of Vic.,201,Ballarat,20102,Creswick - Daylesford - Ballan,201021011,Daylesford,10003,10085,82,0.8,-29,41,70,920.8,11
2RVIC,Rest of Vic.,201,Ballarat,20102,Creswick - Daylesford - Ballan,201021012,Gordon (Vic.),6379,6408,29,0.5,35,-23,17,850.3,7.5
2RVIC,Rest of Vic.,201,Ballarat,20103,Maryborough - Pyrenees,201031013,Avoca,3542,3594,52,1.5,-19,60,11,1714.2,2.1
2RVIC,Rest of Vic.,201,Ballarat,20103,Maryborough - Pyrenees,201031014,Beaufort,4612,4709,97,2.1,0,87,10,1863,2.5
2RVIC,Rest of Vic.,201,Ballarat,20103,Maryborough - Pyrenees,201031015,Golden Plains - North,4894,4940,46,0.9,19,16,11,922.1,5.4
2RVIC,Rest of Vic.,201,Ballarat,20103,Maryborough - Pyrenees,201031016,Maryborough (Vic.),8172,8154,-18,-0.2,-79,38,23,45.5,179.1
2RVIC,Rest of Vic.,201,Ballarat,20103,Maryborough - Pyrenees,201031017,Maryborough Surrounds,5565,5644,79,1.4,-26,88,17,1627.6,3.5
2RVIC,Rest of Vic.,202,Bendigo,20201,Bendigo,202011018,Bendigo,14748,14625,-123,-0.8,-30,-252,159,16.1,909.5
2RVIC,Rest of Vic.,202,Bendigo,20201,Bendigo,202011019,California Gully - Eaglehawk,13102,13310,208,1.6,53,95,60,32.9,404.2
2RVIC,Rest of Vic.,202,Bendigo,20201,Bendigo,202011020,East Bendigo - Kennington,13890,13974,84,0.6,-42,24,102,17.1,814.9
2RVIC,Rest of Vic.,202,Bendigo,20201,Bendigo,202011021,Flora Hill - Spring Gully,9383,9460,77,0.8,16,-29,90,13.2,716.5
2RVIC,Rest of Vic.,202,Bendigo,20201,Bendigo,202011022,Kangaroo Flat - Golden Square,21201,21258,57,0.3,16,-97,138,40.9,519.6
2RVIC,Rest of Vic.,202,Bendigo,20201,Bendigo,202011023,Maiden Gully,5614,5749,135,2.4,43,79,13,43,133.8
2RVIC,Rest of Vic.,202,Bendigo,20201,Bendigo,202011024,Strathfieldsaye,11027,11271,244,2.2,85,132,27,56.4,199.8
2RVIC,Rest of Vic.,202,Bendigo,20201,Bendigo,202011025,White Hills - Ascot,14906,15236,330,2.2,158,90,82,67.8,224.8
2RVIC,Rest of Vic.,202,Bendigo,20202,Heathcote - Castlemaine - Kyneton,202021026,Bendigo Surrounds - South,8574,8808,234,2.7,60,148,26,796.9,11.1
2RVIC,Rest of Vic.,202,Bendigo,20202,Heathcote - Castlemaine - Kyneton,202021027,Castlemaine,11347,11495,148,1.3,-40,117,71,83.9,137
2RVIC,Rest of Vic.,202,Bendigo,20202,Heathcote - Castlemaine - Kyneton,202021028,Castlemaine Surrounds,9298,9397,99,1.1,-17,81,35,1515,6.2
2RVIC,Rest of Vic.,202,Bendigo,20202,Heathcote - Castlemaine - Kyneton,202021029,Heathcote,5157,5261,104,2,-12,107,9,756.8,7
2RVIC,Rest of Vic.,202,Bendigo,20202,Heathcote - Castlemaine - Kyneton,202021030,Kyneton,10562,10571,9,0.1,-39,-17,65,556.5,19
2RVIC,Rest of Vic.,202,Bendigo,20202,Heathcote - Castlemaine - Kyneton,202021031,Woodend,7992,8044,52,0.7,-17,24,45,211.9,38
2RVIC,Rest of Vic.,202,Bendigo,20203,Loddon - Elmore,202031032,Bendigo Surrounds - North,5022,5154,132,2.6,12,113,7,1440.2,3.6
2RVIC,Rest of Vic.,202,Bendigo,20203,Loddon - Elmore,202031033,Loddon,7274,7256,-18,-0.2,-33,-13,28,6193.3,1.2
2RVIC,Rest of Vic.,203,Geelong,20301,Barwon - West,203011034,Bannockburn,7958,8143,185,2.3,41,121,23,192.1,42.4
2RVIC,Rest of Vic.,203,Geelong,20301,Barwon - West,203011035,Golden Plains - South,8246,8467,221,2.7,66,132,23,1484.5,5.7
2RVIC,Rest of Vic.,203,Geelong,20301,Barwon - West,203011036,Winchelsea,6675,6781,106,1.6,53,30,23,903.3,7.5
2RVIC,Rest of Vic.,203,Geelong,20302,Geelong,203021037,Belmont,14949,14993,44,0.3,46,-186,184,9.4,1600.5
2RVIC,Rest of Vic.,203,Geelong,20302,Geelong,203021039,Geelong,13543,13649,106,0.8,-9,-149,264,12.8,1064.9
2RVIC,Rest of Vic.,203,Geelong,20302,Geelong,203021040,Geelong West - Hamlyn Heights,21377,21846,469,2.2,192,25,252,32,681.9
2RVIC,Rest of Vic.,203,Geelong,20302,Geelong,203021042,Highton,24593,25142,549,2.2,118,75,356,40.6,619.5
2RVIC,Rest of Vic.,203,Geelong,20302,Geelong,203021043,Lara,21365,22090,725,3.4,181,397,147,588.6,37.5
2RVIC,Rest of Vic.,203,Geelong,20302,Geelong,203021044,Leopold,13330,13516,186,1.4,30,85,71,27.9,483.9
2RVIC,Rest of Vic.,203,Geelong,20302,Geelong,203021045,Newcomb - Moolap,15291,15197,-94,-0.6,-55,-118,79,43.3,351
2RVIC,Rest of Vic.,203,Geelong,20302,Geelong,203021046,Newtown (Vic.),10305,10362,57,0.6,47,-150,160,5.8,1784.2
2RVIC,Rest of Vic.,203,Geelong,20302,Geelong,203021047,North Geelong - Bell Park,15721,15718,-3,0,-14,-143,154,21.9,716.7
2RVIC,Rest of Vic.,203,Geelong,20302,Geelong,203021485,Charlemont,11863,12731,868,7.3,171,627,70,18.1,702.7
2RVIC,Rest of Vic.,203,Geelong,20302,Geelong,203021486,Corio - Lovely Banks,18254,18401,147,0.8,105,-208,250,74.4,247.5
2RVIC,Rest of Vic.,203,Geelong,20302,Geelong,203021487,Grovedale - Mount Duneed,25830,26663,833,3.2,145,470,218,37.6,709.3
2RVIC,Rest of Vic.,203,Geelong,20302,Geelong,203021488,Norlane,8951,8950,-1,0,22,-134,111,6.5,1384.9
2RVIC,Rest of Vic.,203,Geelong,20303,Surf Coast - Bellarine Peninsula,203031048,Clifton Springs,17118,17514,396,2.3,57,283,56,65.1,268.8
2RVIC,Rest of Vic.,203,Geelong,20303,Surf Coast - Bellarine Peninsula,203031049,Lorne - Anglesea,6273,6215,-58,-0.9,-21,-89,52,448,13.9
2RVIC,Rest of Vic.,203,Geelong,20303,Surf Coast - Bellarine Peninsula,203031051,Portarlington,9928,10282,354,3.6,-58,381,31,71.9,143.1
2RVIC,Rest of Vic.,203,Geelong,20303,Surf Coast - Bellarine Peninsula,203031052,Point Lonsdale - Queenscliff,5595,5725,130,2.3,-57,155,32,61.7,92.8
2RVIC,Rest of Vic.,203,Geelong,20303,Surf Coast - Bellarine Peninsula,203031053,Torquay,25466,26034,568,2.2,108,227,233,126.3,206.1
2RVIC,Rest of Vic.,203,Geelong,20303,Surf Coast - Bellarine Peninsula,203031489,Barwon Heads - Armstrong Creek,12202,13295,1093,9,161,847,85,88.2,150.7
2RVIC,Rest of Vic.,203,Geelong,20303,Surf Coast - Bellarine Peninsula,203031490,Ocean Grove,19850,20220,370,1.9,47,204,119,68.8,294
2RVIC,Rest of Vic.,204,Hume,20401,Upper Goulburn Valley,204011054,Alexandra,6794,6836,42,0.6,-42,45,39,2119,3.2
2RVIC,Rest of Vic.,204,Hume,20401,Upper Goulburn Valley,204011055,Euroa,6884,6862,-22,-0.3,-47,2,23,2057.9,3.3
2RVIC,Rest of Vic.,204,Hume,20401,Upper Goulburn Valley,204011056,Kilmore - Broadford,15779,16130,351,2.2,74,183,94,461.5,34.9
2RVIC,Rest of Vic.,204,Hume,20401,Upper Goulburn Valley,204011057,Mansfield (Vic.),10683,10905,222,2.1,1,125,96,3927.9,2.8
2RVIC,Rest of Vic.,204,Hume,20401,Upper Goulburn Valley,204011058,Nagambie,4635,4716,81,1.7,-18,63,36,1294.3,3.6
2RVIC,Rest of Vic.,204,Hume,20401,Upper Goulburn Valley,204011059,Seymour,6577,6665,88,1.3,-17,25,80,79.3,84
2RVIC,Rest of Vic.,204,Hume,20401,Upper Goulburn Valley,204011060,Seymour Surrounds,4584,4566,-18,-0.4,18,-85,49,1688.8,2.7
2RVIC,Rest of Vic.,204,Hume,20401,Upper Goulburn Valley,204011061,Upper Yarra Valley,244,247,3,1.2,3,0,0,856.3,0.3
2RVIC,Rest of Vic.,204,Hume,20401,Upper Goulburn Valley,204011062,Yea,4257,4297,40,0.9,2,25,13,1474.3,2.9
2RVIC,Rest of Vic.,204,Hume,20402,Wangaratta - Benalla,204021063,Benalla,10745,10799,54,0.5,-100,131,23,315.3,34.2
2RVIC,Rest of Vic.,204,Hume,20402,Wangaratta - Benalla,204021064,Benalla Surrounds,3796,3809,13,0.3,2,1,10,2105.3,1.8
2RVIC,Rest of Vic.,204,Hume,20402,Wangaratta - Benalla,204021065,Rutherglen,4056,4116,60,1.5,6,36,18,479.8,8.6
2RVIC,Rest of Vic.,204,Hume,20402,Wangaratta - Benalla,204021066,Wangaratta,19969,19969,0,0,-63,-33,96,57.6,346.8
2RVIC,Rest of Vic.,204,Hume,20402,Wangaratta - Benalla,204021067,Wangaratta Surrounds,9946,10033,87,0.9,33,27,27,3587.5,2.8
2RVIC,Rest of Vic.,204,Hume,20403,Wodonga - Alpine,204031068,Beechworth,4912,4935,23,0.5,-13,19,17,371.3,13.3
2RVIC,Rest of Vic.,204,Hume,20403,Wodonga - Alpine,204031069,Bright - Mount Beauty,8905,8915,10,0.1,0,-62,72,4253.7,2.1
2RVIC,Rest of Vic.,204,Hume,20403,Wodonga - Alpine,204031070,Chiltern - Indigo Valley,3200,3230,30,0.9,12,15,3,513.1,6.3
2RVIC,Rest of Vic.,204,Hume,20403,Wodonga - Alpine,204031071,Myrtleford,4696,4663,-33,-0.7,-16,-37,20,553.4,8.4
2RVIC,Rest of Vic.,204,Hume,20403,Wodonga - Alpine,204031072,Towong,6168,6213,45,0.7,-3,22,26,6668.9,0.9
2RVIC,Rest of Vic.,204,Hume,20403,Wodonga - Alpine,204031073,West Wodonga,15471,15584,113,0.7,45,-21,89,153.9,101.3
2RVIC,Rest of Vic.,204,Hume,20403,Wodonga - Alpine,204031075,Yackandandah,5329,5455,126,2.4,22,91,13,708.2,7.7
2RVIC,Rest of Vic.,204,Hume,20403,Wodonga - Alpine,204031491,Baranduda - Leneva,13365,13878,513,3.8,103,319,91,248.8,55.8
2RVIC,Rest of Vic.,204,Hume,20403,Wodonga - Alpine,204031492,Wodonga,14880,14814,-66,-0.4,69,-256,121,30.3,488.7
2RVIC,Rest of Vic.,205,Latrobe - Gippsland,20501,Baw Baw,205011076,Drouin,20542,21180,638,3.1,125,451,62,326.8,64.8
2RVIC,Rest of Vic.,205,Latrobe - Gippsland,20501,Baw Baw,205011077,Mount Baw Baw Region,6634,6689,55,0.8,6,26,23,2753.3,2.4
2RVIC,Rest of Vic.,205,Latrobe - Gippsland,20501,Baw Baw,205011078,Trafalgar (Vic.),8451,8488,37,0.4,7,7,23,501.5,16.9
2RVIC,Rest of Vic.,205,Latrobe - Gippsland,20501,Baw Baw,205011079,Warragul,23787,24417,630,2.6,70,445,115,352.2,69.3
2RVIC,Rest of Vic.,205,Latrobe - Gippsland,20502,Gippsland - East,205021080,Alps - East,0,0,0,0,0,0,0,2071.3,0
2RVIC,Rest of Vic.,205,Latrobe - Gippsland,20502,Gippsland - East,205021081,Bairnsdale,15780,15819,39,0.2,-25,1,63,155,102.1
2RVIC,Rest of Vic.,205,Latrobe - Gippsland,20502,Gippsland - East,205021082,Bruthen - Omeo,8406,8499,93,1.1,14,54,25,7377.4,1.2
2RVIC,Rest of Vic.,205,Latrobe - Gippsland,20502,Gippsland - East,205021083,Lake King,0,0,0,0,0,0,0,93.9,0
2RVIC,Rest of Vic.,205,Latrobe - Gippsland,20502,Gippsland - East,205021084,Lakes Entrance,11183,11251,68,0.6,-45,78,35,214,52.6
2RVIC,Rest of Vic.,205,Latrobe - Gippsland,20502,Gippsland - East,205021085,Orbost,6697,6685,-12,-0.2,-24,-3,15,11383.7,0.6
2RVIC,Rest of Vic.,205,Latrobe - Gippsland,20502,Gippsland - East,205021086,Paynesville,6994,7051,57,0.8,-53,82,28,417.9,16.9
2RVIC,Rest of Vic.,205,Latrobe - Gippsland,20503,Gippsland - South West,205031087,Foster,9442,9507,65,0.7,-10,23,52,1498.8,6.3
2RVIC,Rest of Vic.,205,Latrobe - Gippsland,20503,Gippsland - South West,205031088,French Island,143,140,-3,-2.1,0,-3,0,170.2,0.8
2RVIC,Rest of Vic.,205,Latrobe - Gippsland,20503,Gippsland - South West,205031089,Korumburra,9917,9894,-23,-0.2,7,-57,27,600.7,16.5
2RVIC,Rest of Vic.,205,Latrobe - Gippsland,20503,Gippsland - South West,205031090,Leongatha,11562,11643,81,0.7,-30,58,53,801,14.5
2RVIC,Rest of Vic.,205,Latrobe - Gippsland,20503,Gippsland - South West,205031091,Phillip Island,14074,14273,199,1.4,-55,176,78,100.6,141.9
2RVIC,Rest of Vic.,205,Latrobe - Gippsland,20503,Gippsland - South West,205031092,Wilsons Promontory,15,15,0,0,0,0,0,481.5,0
2RVIC,Rest of Vic.,205,Latrobe - Gippsland,20503,Gippsland - South West,205031093,Wonthaggi - Inverloch,27540,28254,714,2.6,-50,651,113,728.8,38.8
2RVIC,Rest of Vic.,205,Latrobe - Gippsland,20504,Latrobe Valley,205041094,Churchill,11982,12095,113,0.9,58,-19,74,796.5,15.2
2RVIC,Rest of Vic.,205,Latrobe - Gippsland,20504,Latrobe Valley,205041095,Moe - Newborough,17321,17350,29,0.2,-97,55,71,105.3,164.8
2RVIC,Rest of Vic.,205,Latrobe - Gippsland,20504,Latrobe Valley,205041096,Morwell,14426,14455,29,0.2,-1,-36,66,85.5,169.1
2RVIC,Rest of Vic.,205,Latrobe - Gippsland,20504,Latrobe Valley,205041098,Yallourn North - Glengarry,4735,4820,85,1.8,35,41,9,342.7,14.1
2RVIC,Rest of Vic.,205,Latrobe - Gippsland,20504,Latrobe Valley,205041493,Traralgon - East,12133,12202,69,0.6,-6,13,62,108.3,112.6
2RVIC,Rest of Vic.,205,Latrobe - Gippsland,20504,Latrobe Valley,205041494,Traralgon - West,16963,17082,119,0.7,78,-79,120,41.3,413.2
2RVIC,Rest of Vic.,205,Latrobe - Gippsland,20505,Wellington,205051099,Alps - West,23,23,0,0,0,0,0,2955.7,0
2RVIC,Rest of Vic.,205,Latrobe - Gippsland,20505,Wellington,205051100,Longford - Loch Sport,4950,4966,16,0.3,-9,-2,27,1610.8,3.1
2RVIC,Rest of Vic.,205,Latrobe - Gippsland,20505,Wellington,205051101,Maffra,14937,15178,241,1.6,44,117,80,2532.3,6
2RVIC,Rest of Vic.,205,Latrobe - Gippsland,20505,Wellington,205051102,Rosedale,4870,4888,18,0.4,20,-18,16,968.5,5
2RVIC,Rest of Vic.,205,Latrobe - Gippsland,20505,Wellington,205051103,Sale,15329,15363,34,0.2,4,-94,124,45.6,336.9
2RVIC,Rest of Vic.,205,Latrobe - Gippsland,20505,Wellington,205051104,Yarram,5588,5580,-8,-0.1,-43,19,16,1931.9,2.9
2GMEL,Greater Melbourne,206,Melbourne - Inner,20601,Brunswick - Coburg,206011106,Brunswick East,13309,13765,456,3.4,84,-187,559,2.2,6348.6
2GMEL,Greater Melbourne,206,Melbourne - Inner,20601,Brunswick - Coburg,206011107,Brunswick West,14697,15196,499,3.4,38,-114,575,3.2,4779.4
2GMEL,Greater Melbourne,206,Melbourne - Inner,20601,Brunswick - Coburg,206011109,Pascoe Vale South,10420,10628,208,2,25,-9,192,3,3556.1
2GMEL,Greater Melbourne,206,Melbourne - Inner,20601,Brunswick - Coburg,206011495,Brunswick - North,13266,14057,791,6,49,165,577,2.4,5835
2GMEL,Greater Melbourne,206,Melbourne - Inner,20601,Brunswick - Coburg,206011496,Brunswick - South,13378,14273,895,6.7,64,166,665,2.7,5221.7
2GMEL,Greater Melbourne,206,Melbourne - Inner,20601,Brunswick - Coburg,206011497,Coburg - East,12959,13542,583,4.5,79,10,494,3.7,3614
2GMEL,Greater Melbourne,206,Melbourne - Inner,20601,Brunswick - Coburg,206011498,Coburg - West,14112,14527,415,2.9,55,19,341,3.2,4557.3
2GMEL,Greater Melbourne,206,Melbourne - Inner,20602,Darebin - South,206021110,Alphington - Fairfield,9163,9491,328,3.6,41,41,246,2.9,3289.4
2GMEL,Greater Melbourne,206,Melbourne - Inner,20602,Darebin - South,206021112,Thornbury,19189,19615,426,2.2,83,-83,426,5,3925.2
2GMEL,Greater Melbourne,206,Melbourne - Inner,20602,Darebin - South,206021499,Northcote - East,15142,15558,416,2.7,64,-16,368,3.5,4428.2
2GMEL,Greater Melbourne,206,Melbourne - Inner,20602,Darebin - South,206021500,Northcote - West,10487,10731,244,2.3,27,-53,270,2.6,4077.7
2GMEL,Greater Melbourne,206,Melbourne - Inner,20603,Essendon,206031113,Ascot Vale,15191,15728,537,3.5,118,7,412,3.8,4100
2GMEL,Greater Melbourne,206,Melbourne - Inner,20603,Essendon,206031115,Flemington,9199,9782,583,6.3,62,-79,600,1.6,6188
2GMEL,Greater Melbourne,206,Melbourne - Inner,20603,Essendon,206031116,Moonee Ponds,16591,17203,612,3.7,35,79,498,4.4,3950.1
2GMEL,Greater Melbourne,206,Melbourne - Inner,20603,Essendon,206031501,Essendon (West) - Aberfeldie,16185,16628,443,2.7,19,12,412,4.9,3401.4
2GMEL,Greater Melbourne,206,Melbourne - Inner,20603,Essendon,206031502,Essendon - East,12297,12664,367,3,26,-75,416,3.6,3563
2GMEL,Greater Melbourne,206,Melbourne - Inner,20604,Melbourne City,206041117,Carlton,18057,21376,3319,18.4,2,-405,3722,1.8,11753.5
2GMEL,Greater Melbourne,206,Melbourne - Inner,20604,Melbourne City,206041118,Docklands,16491,17723,1232,7.5,103,-423,1552,2.4,7251.6
2GMEL,Greater Melbourne,206,Melbourne - Inner,20604,Melbourne City,206041119,East Melbourne,4889,5100,211,4.3,-8,-12,231,2.9,1758.7
2GMEL,Greater Melbourne,206,Melbourne - Inner,20604,Melbourne City,206041120,Flemington Racecourse,78,78,0,0,0,0,0,1.7,45.6
2GMEL,Greater Melbourne,206,Melbourne - Inner,20604,Melbourne City,206041121,Kensington (Vic.),11011,11404,393,3.6,87,-85,391,2.1,5311.6
2GMEL,Greater Melbourne,206,Melbourne - Inner,20604,Melbourne City,206041124,Parkville,7475,8003,528,7.1,-37,-137,702,4,1976.5
2GMEL,Greater Melbourne,206,Melbourne - Inner,20604,Melbourne City,206041125,South Yarra - West,6573,6789,216,3.3,-42,-48,306,1.5,4517.9
2GMEL,Greater Melbourne,206,Melbourne - Inner,20604,Melbourne City,206041127,West Melbourne - Industrial,0,0,0,0,0,0,0,6.2,0
2GMEL,Greater Melbourne,206,Melbourne - Inner,20604,Melbourne City,206041503,Melbourne CBD - East,10687,12408,1721,16.1,27,-213,1907,0.8,15471.3
2GMEL,Greater Melbourne,206,Melbourne - Inner,20604,Melbourne City,206041504,Melbourne CBD - North,18876,21566,2690,14.3,48,-401,3043,0.6,38401
2GMEL,Greater Melbourne,206,Melbourne - Inner,20604,Melbourne City,206041505,Melbourne CBD - West,17343,20027,2684,15.5,62,24,2598,1,19925.4
2GMEL,Greater Melbourne,206,Melbourne - Inner,20604,Melbourne City,206041506,North Melbourne,16609,18017,1408,8.5,57,-318,1669,2.4,7430.3
2GMEL,Greater Melbourne,206,Melbourne - Inner,20604,Melbourne City,206041507,Royal Botanic Gardens Victoria,0,0,0,0,0,0,0,1.4,0
2GMEL,Greater Melbourne,206,Melbourne - Inner,20604,Melbourne City,206041508,Southbank (West) - South Wharf,6827,7418,591,8.7,40,-130,681,0.8,8731.2
2GMEL,Greater Melbourne,206,Melbourne - Inner,20604,Melbourne City,206041509,Southbank - East,17372,18748,1376,7.9,113,-259,1522,0.8,23318.4
2GMEL,Greater Melbourne,206,Melbourne - Inner,20604,Melbourne City,206041510,West Melbourne - Residential,8026,8724,698,8.7,46,-15,667,0.8,10578.4
2GMEL,Greater Melbourne,206,Melbourne - Inner,20605,Port Phillip,206051128,Albert Park,16177,16861,684,4.2,71,-114,727,4.7,3606.9
2GMEL,Greater Melbourne,206,Melbourne - Inner,20605,Port Phillip,206051129,Elwood,14888,15459,571,3.8,114,-188,645,2.6,6055.2
2GMEL,Greater Melbourne,206,Melbourne - Inner,20605,Port Phillip,206051130,Port Melbourne,16390,16782,392,2.4,88,-236,540,2.8,6016.3
2GMEL,Greater Melbourne,206,Melbourne - Inner,20605,Port Phillip,206051134,St Kilda East,16005,16758,753,4.7,120,-200,833,2.4,6943.4
2GMEL,Greater Melbourne,206,Melbourne - Inner,20605,Port Phillip,206051511,Port Melbourne Industrial,2229,2493,264,11.8,18,179,67,7.6,326.2
2GMEL,Greater Melbourne,206,Melbourne - Inner,20605,Port Phillip,206051512,South Melbourne,11884,12512,628,5.3,13,-76,691,1.9,6621.2
2GMEL,Greater Melbourne,206,Melbourne - Inner,20605,Port Phillip,206051513,St Kilda - Central,12256,13186,930,7.6,74,-16,872,1.5,8576.3
2GMEL,Greater Melbourne,206,Melbourne - Inner,20605,Port Phillip,206051514,St Kilda - West,14282,15480,1198,8.4,-19,-69,1286,2.4,6549.1
2GMEL,Greater Melbourne,206,Melbourne - Inner,20606,Stonnington - West,206061135,Armadale,9376,9769,393,4.2,8,46,339,2.2,4474
2GMEL,Greater Melbourne,206,Melbourne - Inner,20606,Stonnington - West,206061136,Prahran - Windsor,19291,20268,977,5.1,76,-177,1078,2.9,6976.2
2GMEL,Greater Melbourne,206,Melbourne - Inner,20606,Stonnington - West,206061138,Toorak,13127,13337,210,1.6,3,-181,388,4.3,3084.9
2GMEL,Greater Melbourne,206,Melbourne - Inner,20606,Stonnington - West,206061515,South Yarra - North,11798,12938,1140,9.7,52,-31,1119,1.2,11061.9
2GMEL,Greater Melbourne,206,Melbourne - Inner,20606,Stonnington - West,206061516,South Yarra - South,9958,10508,550,5.5,58,-227,719,1.3,7798.1
2GMEL,Greater Melbourne,206,Melbourne - Inner,20607,Yarra,206071139,Abbotsford,9513,10008,495,5.2,54,-41,482,1.7,5750.1
2GMEL,Greater Melbourne,206,Melbourne - Inner,20607,Yarra,206071140,Carlton North - Princes Hill,8158,8531,373,4.6,46,-77,404,2.3,3702.4
2GMEL,Greater Melbourne,206,Melbourne - Inner,20607,Yarra,206071141,Collingwood,9679,10485,806,8.3,58,170,578,1.3,8276.1
2GMEL,Greater Melbourne,206,Melbourne - Inner,20607,Yarra,206071142,Fitzroy,10812,11484,672,6.2,69,-31,634,1.4,8334.4
2GMEL,Greater Melbourne,206,Melbourne - Inner,20607,Yarra,206071143,Fitzroy North,12973,13382,409,3.2,-2,-92,503,2.5,5341.9
2GMEL,Greater Melbourne,206,Melbourne - Inner,20607,Yarra,206071145,Clifton Hill - Alphington,10280,10973,693,6.7,79,238,376,5.2,2106.6
2GMEL,Greater Melbourne,206,Melbourne - Inner,20607,Yarra,206071517,Richmond (South) - Cremorne,17857,18684,827,4.6,114,-38,751,4.3,4356.2
2GMEL,Greater Melbourne,206,Melbourne - Inner,20607,Yarra,206071518,Richmond - North,14073,14884,811,5.8,74,-84,821,1.9,7738.8
2GMEL,Greater Melbourne,207,Melbourne - Inner East,20701,Boroondara,207011146,Ashburton (Vic.),7952,8160,208,2.6,-26,63,171,2.8,2876.7
2GMEL,Greater Melbourne,207,Melbourne - Inner East,20701,Boroondara,207011147,Balwyn,16319,16725,406,2.5,-51,-240,697,5.6,2994.6
2GMEL,Greater Melbourne,207,Melbourne - Inner East,20701,Boroondara,207011148,Balwyn North,21322,21883,561,2.6,-11,-181,753,8.8,2472.9
2GMEL,Greater Melbourne,207,Melbourne - Inner East,20701,Boroondara,207011149,Camberwell,21286,21813,527,2.5,-78,-53,658,7.3,2991.4
2GMEL,Greater Melbourne,207,Melbourne - Inner East,20701,Boroondara,207011150,Glen Iris - East,16890,17228,338,2,61,-61,338,5.7,3019.9
2GMEL,Greater Melbourne,207,Melbourne - Inner East,20701,Boroondara,207011152,Hawthorn East,16115,16878,763,4.7,15,67,681,3.8,4413.7
2GMEL,Greater Melbourne,207,Melbourne - Inner East,20701,Boroondara,207011154,Kew East,6572,6636,64,1,3,-106,167,4,1652.6
2GMEL,Greater Melbourne,207,Melbourne - Inner East,20701,Boroondara,207011155,Surrey Hills (West) - Canterbury,15908,16182,274,1.7,-25,-79,378,5.7,2837.7
2GMEL,Greater Melbourne,207,Melbourne - Inner East,20701,Boroondara,207011519,Hawthorn - North,10055,10560,505,5,56,-7,456,2.5,4300
2GMEL,Greater Melbourne,207,Melbourne - Inner East,20701,Boroondara,207011520,Hawthorn - South,12284,12921,637,5.2,-11,-74,722,3.2,4017.3
2GMEL,Greater Melbourne,207,Melbourne - Inner East,20701,Boroondara,207011521,Kew - South,11741,12113,372,3.2,-15,37,350,4.3,2801.7
2GMEL,Greater Melbourne,207,Melbourne - Inner East,20701,Boroondara,207011522,Kew - West,13188,13438,250,1.9,-13,-137,400,6.2,2163.7
2GMEL,Greater Melbourne,207,Melbourne - Inner East,20702,Manningham - West,207021156,Bulleen,11434,11647,213,1.9,11,-36,238,6.7,1745.9
2GMEL,Greater Melbourne,207,Melbourne - Inner East,20702,Manningham - West,207021157,Doncaster,25683,26905,1222,4.8,64,1,1157,8.8,3066.5
2GMEL,Greater Melbourne,207,Melbourne - Inner East,20702,Manningham - West,207021159,Templestowe,17164,17457,293,1.7,-98,-34,425,16.1,1083.1
2GMEL,Greater Melbourne,207,Melbourne - Inner East,20702,Manningham - West,207021160,Templestowe Lower,14346,14445,99,0.7,-81,-78,258,5.9,2432.4
2GMEL,Greater Melbourne,207,Melbourne - Inner East,20702,Manningham - West,207021424,Doncaster East - North,15787,16178,391,2.5,-29,-145,565,6.4,2526.6
2GMEL,Greater Melbourne,207,Melbourne - Inner East,20702,Manningham - West,207021425,Doncaster East - South,15725,16300,575,3.7,24,-183,734,4.8,3418.3
2GMEL,Greater Melbourne,207,Melbourne - Inner East,20703,Whitehorse - West,207031161,Blackburn,22331,22928,597,2.7,25,-18,590,8.6,2663.7
2GMEL,Greater Melbourne,207,Melbourne - Inner East,20703,Whitehorse - West,207031162,Blackburn South,10950,11047,97,0.9,-23,-104,224,3.6,3071.5
2GMEL,Greater Melbourne,207,Melbourne - Inner East,20703,Whitehorse - West,207031163,Box Hill,23829,25286,1457,6.1,22,-338,1773,7,3605.9
2GMEL,Greater Melbourne,207,Melbourne - Inner East,20703,Whitehorse - West,207031164,Box Hill North,18396,19021,625,3.4,78,-252,799,6.2,3063.6
2GMEL,Greater Melbourne,207,Melbourne - Inner East,20703,Whitehorse - West,207031165,Burwood (Vic.),12932,14001,1069,8.3,27,-237,1279,5,2778.4
2GMEL,Greater Melbourne,207,Melbourne - Inner East,20703,Whitehorse - West,207031166,Burwood East,11096,11885,789,7.1,6,205,578,4.3,2788
2GMEL,Greater Melbourne,207,Melbourne - Inner East,20703,Whitehorse - West,207031167,Surrey Hills (East) - Mont Albert,10326,10645,319,3.1,5,-7,321,3.3,3198.7
2GMEL,Greater Melbourne,208,Melbourne - Inner South,20801,Bayside,208011168,Beaumaris,14026,14227,201,1.4,-8,-24,233,6,2384
2GMEL,Greater Melbourne,208,Melbourne - Inner South,20801,Bayside,208011169,Brighton (Vic.),22925,23547,622,2.7,-41,-28,691,8.2,2871.4
2GMEL,Greater Melbourne,208,Melbourne - Inner South,20801,Bayside,208011170,Brighton East,16727,17045,318,1.9,-67,-13,398,5.6,3039.2
2GMEL,Greater Melbourne,208,Melbourne - Inner South,20801,Bayside,208011171,Highett (West) - Cheltenham,12551,12764,213,1.7,45,-70,238,5.3,2399.3
2GMEL,Greater Melbourne,208,Melbourne - Inner South,20801,Bayside,208011172,Hampton,18508,18828,320,1.7,45,-189,464,5.7,3312
2GMEL,Greater Melbourne,208,Melbourne - Inner South,20801,Bayside,208011173,Sandringham - Black Rock,17504,17861,357,2,-59,59,357,6.4,2777.7
2GMEL,Greater Melbourne,208,Melbourne - Inner South,20802,Glen Eira,208021174,Bentleigh - McKinnon,25471,26178,707,2.8,45,-32,694,6.2,4205.8
2GMEL,Greater Melbourne,208,Melbourne - Inner South,20802,Glen Eira,208021176,Carnegie,18939,20080,1141,6,49,43,1049,3.8,5278
2GMEL,Greater Melbourne,208,Melbourne - Inner South,20802,Glen Eira,208021177,Caulfield - North,23062,23932,870,3.8,78,-65,857,6.4,3728.4
2GMEL,Greater Melbourne,208,Melbourne - Inner South,20802,Glen Eira,208021178,Caulfield - South,18241,18653,412,2.3,-51,-75,538,4.7,3933.1
2GMEL,Greater Melbourne,208,Melbourne - Inner South,20802,Glen Eira,208021179,Elsternwick,12121,12455,334,2.8,58,-73,349,2.9,4352.5
2GMEL,Greater Melbourne,208,Melbourne - Inner South,20802,Glen Eira,208021180,Hughesdale,7664,7933,269,3.5,30,-60,299,2,3947.7
2GMEL,Greater Melbourne,208,Melbourne - Inner South,20802,Glen Eira,208021181,Murrumbeena,9546,9781,235,2.5,54,-169,350,2.5,3889.4
2GMEL,Greater Melbourne,208,Melbourne - Inner South,20802,Glen Eira,208021182,Ormond - Glen Huntly,13426,14038,612,4.6,64,-340,888,2.9,4779.5
2GMEL,Greater Melbourne,208,Melbourne - Inner South,20802,Glen Eira,208021426,Bentleigh East - North,16898,17258,360,2.1,62,-90,388,4.6,3752.6
2GMEL,Greater Melbourne,208,Melbourne - Inner South,20802,Glen Eira,208021427,Bentleigh East - South,14120,14462,342,2.4,52,30,260,4.6,3152
2GMEL,Greater Melbourne,208,Melbourne - Inner South,20803,Kingston,208031183,Aspendale Gardens - Waterways,8912,9012,100,1.1,4,-51,147,5.3,1698
2GMEL,Greater Melbourne,208,Melbourne - Inner South,20803,Kingston,208031184,Braeside,28,28,0,0,0,0,0,9.1,3.1
2GMEL,Greater Melbourne,208,Melbourne - Inner South,20803,Kingston,208031185,Carrum - Patterson Lakes,12174,12352,178,1.5,31,-6,153,5.8,2120.8
2GMEL,Greater Melbourne,208,Melbourne - Inner South,20803,Kingston,208031186,Chelsea - Bonbeach,15361,15601,240,1.6,24,16,200,5.4,2876.8
2GMEL,Greater Melbourne,208,Melbourne - Inner South,20803,Kingston,208031187,Chelsea Heights,5375,5379,4,0.1,20,-66,50,3.2,1683.1
2GMEL,Greater Melbourne,208,Melbourne - Inner South,20803,Kingston,208031188,Highett (East) - Cheltenham,24555,25282,727,3,52,135,540,8.7,2893.5
2GMEL,Greater Melbourne,208,Melbourne - Inner South,20803,Kingston,208031189,Edithvale - Aspendale,13661,13915,254,1.9,83,0,171,5.1,2728.4
2GMEL,Greater Melbourne,208,Melbourne - Inner South,20803,Kingston,208031190,Mentone,13370,13727,357,2.7,17,-10,350,4.5,3084.7
2GMEL,Greater Melbourne,208,Melbourne - Inner South,20803,Kingston,208031191,Moorabbin - Heatherton,9220,9426,206,2.2,21,-102,287,11.7,805.7
2GMEL,Greater Melbourne,208,Melbourne - Inner South,20803,Kingston,208031192,Moorabbin Airport,26,26,0,0,0,0,0,3.1,8.5
2GMEL,Greater Melbourne,208,Melbourne - Inner South,20803,Kingston,208031193,Mordialloc - Parkdale,21419,21889,470,2.2,40,-50,480,8,2747.1
2GMEL,Greater Melbourne,208,Melbourne - Inner South,20804,Stonnington - East,208041194,Malvern - Glen Iris,20559,21348,789,3.8,40,-11,760,6.2,3468.3
2GMEL,Greater Melbourne,208,Melbourne - Inner South,20804,Stonnington - East,208041195,Malvern East,22415,23167,752,3.4,-20,-132,904,7.6,3061.7
2GMEL,Greater Melbourne,209,Melbourne - North East,20901,Banyule,209011196,Bundoora - East,9841,10024,183,1.9,10,-126,299,4.1,2459.9
2GMEL,Greater Melbourne,209,Melbourne - North East,20901,Banyule,209011197,Greensborough,20855,20980,125,0.6,67,-202,260,10.1,2077.8
2GMEL,Greater Melbourne,209,Melbourne - North East,20901,Banyule,209011198,Heidelberg - Rosanna,16317,16598,281,1.7,-5,-120,406,6.4,2605
2GMEL,Greater Melbourne,209,Melbourne - North East,20901,Banyule,209011199,Heidelberg West,15285,15847,562,3.7,116,69,377,6.7,2368.3
2GMEL,Greater Melbourne,209,Melbourne - North East,20901,Banyule,209011200,Ivanhoe,12588,12924,336,2.7,-7,40,303,5,2559.3
2GMEL,Greater Melbourne,209,Melbourne - North East,20901,Banyule,209011201,Ivanhoe East - Eaglemont,7812,7977,165,2.1,9,26,130,4.3,1865.1
2GMEL,Greater Melbourne,209,Melbourne - North East,20901,Banyule,209011202,Montmorency - Briar Hill,16642,16852,210,1.3,81,-45,174,12,1401.1
2GMEL,Greater Melbourne,209,Melbourne - North East,20901,Banyule,209011203,Viewbank - Yallambie,18834,19039,205,1.1,38,-169,336,10.2,1859.7
2GMEL,Greater Melbourne,209,Melbourne - North East,20901,Banyule,209011204,Watsonia,9253,9361,108,1.2,81,-81,108,3.8,2472.7
2GMEL,Greater Melbourne,209,Melbourne - North East,20902,Darebin - North,209021205,Kingsbury,10772,11698,926,8.6,-5,-94,1025,9,1298.4
2GMEL,Greater Melbourne,209,Melbourne - North East,20902,Darebin - North,209021428,Preston - East,21127,22012,885,4.2,118,-13,780,7.7,2841.8
2GMEL,Greater Melbourne,209,Melbourne - North East,20902,Darebin - North,209021429,Preston - West,12766,13149,383,3,56,-47,374,3.6,3685.4
2GMEL,Greater Melbourne,209,Melbourne - North East,20902,Darebin - North,209021523,Reservoir - North East,14960,15463,503,3.4,64,-119,558,4.8,3229.5
2GMEL,Greater Melbourne,209,Melbourne - North East,20902,Darebin - North,209021524,Reservoir - North West,9714,9809,95,1,-30,-57,182,4.5,2165.5
2GMEL,Greater Melbourne,209,Melbourne - North East,20902,Darebin - North,209021525,Reservoir - South East,13023,13429,406,3.1,55,-99,450,4.2,3214
2GMEL,Greater Melbourne,209,Melbourne - North East,20902,Darebin - North,209021526,Reservoir - South West,14262,14728,466,3.3,71,-161,556,5.6,2618.5
2GMEL,Greater Melbourne,209,Melbourne - North East,20903,Nillumbik - Kinglake,209031209,Eltham,23524,23509,-15,-0.1,69,-319,235,19.5,1206.3
2GMEL,Greater Melbourne,209,Melbourne - North East,20903,Nillumbik - Kinglake,209031210,Hurstbridge,3542,3529,-13,-0.4,10,-40,17,14.8,237.8
2GMEL,Greater Melbourne,209,Melbourne - North East,20903,Nillumbik - Kinglake,209031211,Kinglake,4309,4353,44,1,28,13,3,319.5,13.6
2GMEL,Greater Melbourne,209,Melbourne - North East,20903,Nillumbik - Kinglake,209031212,Panton Hill - St Andrews,5162,5129,-33,-0.6,15,-84,36,292.2,17.6
2GMEL,Greater Melbourne,209,Melbourne - North East,20903,Nillumbik - Kinglake,209031213,Plenty - Yarrambat,9435,9570,135,1.4,-21,84,72,29.1,328.7
2GMEL,Greater Melbourne,209,Melbourne - North East,20903,Nillumbik - Kinglake,209031214,Research - North Warrandyte,6969,6979,10,0.1,30,-84,64,49.8,140.2
2GMEL,Greater Melbourne,209,Melbourne - North East,20903,Nillumbik - Kinglake,209031215,Wattle Glen - Diamond Creek,14434,14548,114,0.8,94,-61,81,26.8,542.3
2GMEL,Greater Melbourne,209,Melbourne - North East,20904,Whittlesea - Wallan,209041216,Bundoora - North,7491,7773,282,3.8,32,-85,335,4.7,1648.6
2GMEL,Greater Melbourne,209,Melbourne - North East,20904,Whittlesea - Wallan,209041217,Bundoora - West,6305,6538,233,3.7,13,-64,284,2.6,2553.8
2GMEL,Greater Melbourne,209,Melbourne - North East,20904,Whittlesea - Wallan,209041220,Mill Park - North,17321,17449,128,0.7,69,-232,291,8.1,2144.6
2GMEL,Greater Melbourne,209,Melbourne - North East,20904,Whittlesea - Wallan,209041221,Mill Park - South,11167,11288,121,1.1,73,-158,206,4.9,2289.7
2GMEL,Greater Melbourne,209,Melbourne - North East,20904,Whittlesea - Wallan,209041223,Thomastown,19992,20197,205,1,82,-419,542,14.7,1375.3
2GMEL,Greater Melbourne,209,Melbourne - North East,20904,Whittlesea - Wallan,209041224,Wallan,24680,26304,1624,6.6,365,1099,160,507.7,51.8
2GMEL,Greater Melbourne,209,Melbourne - North East,20904,Whittlesea - Wallan,209041225,Whittlesea,12336,14020,1684,13.7,132,1453,99,298,47.1
2GMEL,Greater Melbourne,209,Melbourne - North East,20904,Whittlesea - Wallan,209041431,Epping - East,13170,13354,184,1.4,63,-167,288,7.8,1718.9
2GMEL,Greater Melbourne,209,Melbourne - North East,20904,Whittlesea - Wallan,209041432,Epping - South,8085,8301,216,2.7,-6,-32,254,15.9,523
2GMEL,Greater Melbourne,209,Melbourne - North East,20904,Whittlesea - Wallan,209041433,Epping (Vic.) - West,12403,12699,296,2.4,155,-159,300,7.4,1726
2GMEL,Greater Melbourne,209,Melbourne - North East,20904,Whittlesea - Wallan,209041435,South Morang - North,12704,12879,175,1.4,116,-124,183,13.7,939.4
2GMEL,Greater Melbourne,209,Melbourne - North East,20904,Whittlesea - Wallan,209041436,South Morang - South,12410,12588,178,1.4,28,-69,219,7.7,1625.4
2GMEL,Greater Melbourne,209,Melbourne - North East,20904,Whittlesea - Wallan,209041437,Wollert,28244,30758,2514,8.9,593,1452,469,53.9,570.7
2GMEL,Greater Melbourne,209,Melbourne - North East,20904,Whittlesea - Wallan,209041527,Doreen - North,16712,17110,398,2.4,165,66,167,9.4,1812.6
2GMEL,Greater Melbourne,209,Melbourne - North East,20904,Whittlesea - Wallan,209041528,Doreen - South,11101,11494,393,3.5,203,96,94,5,2288.6
2GMEL,Greater Melbourne,209,Melbourne - North East,20904,Whittlesea - Wallan,209041529,Lalor - East,9843,9963,120,1.2,44,-222,298,3.3,2998
2GMEL,Greater Melbourne,209,Melbourne - North East,20904,Whittlesea - Wallan,209041530,Lalor - West,13642,13819,177,1.3,72,-165,270,8.7,1581.8
2GMEL,Greater Melbourne,209,Melbourne - North East,20904,Whittlesea - Wallan,209041531,Mernda - North,11658,11775,117,1,126,-170,161,15.2,774.9
2GMEL,Greater Melbourne,209,Melbourne - North East,20904,Whittlesea - Wallan,209041532,Mernda - South,12559,13024,465,3.7,193,55,217,8.6,1509.7
2GMEL,Greater Melbourne,210,Melbourne - North West,21001,Keilor,210011226,Airport West,8295,8464,169,2,45,11,113,3.7,2275.6
2GMEL,Greater Melbourne,210,Melbourne - North West,21001,Keilor,210011227,Essendon Airport,14,14,0,0,0,0,0,3.4,4.2
2GMEL,Greater Melbourne,210,Melbourne - North West,21001,Keilor,210011228,Keilor,8541,8562,21,0.2,-8,-38,67,17.5,488.9
2GMEL,Greater Melbourne,210,Melbourne - North West,21001,Keilor,210011230,Niddrie - Essendon West,7573,7797,224,3,57,34,133,2.8,2782
2GMEL,Greater Melbourne,210,Melbourne - North West,21001,Keilor,210011231,Strathmore,10184,10323,139,1.4,20,-12,131,4.1,2490.8
2GMEL,Greater Melbourne,210,Melbourne - North West,21001,Keilor,210011533,Avondale Heights,12393,12570,177,1.4,-79,32,224,5.4,2324
2GMEL,Greater Melbourne,210,Melbourne - North West,21001,Keilor,210011534,Keilor East,15196,15312,116,0.8,-8,-50,174,5.5,2792.7
2GMEL,Greater Melbourne,210,Melbourne - North West,21002,Macedon Ranges,210021232,Gisborne,14456,14905,449,3.1,76,268,105,211.1,70.6
2GMEL,Greater Melbourne,210,Melbourne - North West,21002,Macedon Ranges,210021233,Macedon,3581,3590,9,0.3,17,-27,19,73,49.2
2GMEL,Greater Melbourne,210,Melbourne - North West,21002,Macedon Ranges,210021234,Riddells Creek,4539,4561,22,0.5,35,-42,29,83.4,54.7
2GMEL,Greater Melbourne,210,Melbourne - North West,21002,Macedon Ranges,210021235,Romsey,11090,11268,178,1.6,113,10,55,624.7,18
2GMEL,Greater Melbourne,210,Melbourne - North West,21003,Moreland - North,210031236,Coburg North,8613,8826,213,2.5,20,-26,219,4.9,1809.4
2GMEL,Greater Melbourne,210,Melbourne - North West,21003,Moreland - North,210031237,Fawkner,14192,14707,515,3.6,123,-155,547,5.1,2892.3
2GMEL,Greater Melbourne,210,Melbourne - North West,21003,Moreland - North,210031439,Gowanbrae,3134,3191,57,1.8,14,11,32,1.5,2095.9
2GMEL,Greater Melbourne,210,Melbourne - North West,21003,Moreland - North,210031440,Hadfield,6378,6525,147,2.3,73,-27,101,3.1,2139.2
2GMEL,Greater Melbourne,210,Melbourne - North West,21003,Moreland - North,210031535,Glenroy - East,14870,15431,561,3.8,120,-117,558,6.2,2470
2GMEL,Greater Melbourne,210,Melbourne - North West,21003,Moreland - North,210031536,Glenroy - West,9022,9349,327,3.6,35,-151,443,2.6,3580.8
2GMEL,Greater Melbourne,210,Melbourne - North West,21003,Moreland - North,210031537,Oak Park,8107,8289,182,2.2,66,-151,267,2.4,3522.3
2GMEL,Greater Melbourne,210,Melbourne - North West,21003,Moreland - North,210031538,Pascoe Vale,17476,17934,458,2.6,116,-133,475,4.6,3872.6
2GMEL,Greater Melbourne,210,Melbourne - North West,21004,Sunbury,210041240,Sunbury,13845,14231,386,2.8,83,197,106,129.5,109.9
2GMEL,Greater Melbourne,210,Melbourne - North West,21004,Sunbury,210041539,Diggers Rest,5840,6443,603,10.3,127,432,44,51.9,124.2
2GMEL,Greater Melbourne,210,Melbourne - North West,21004,Sunbury,210041540,Sunbury - South,15485,16043,558,3.6,59,355,144,41.4,387
2GMEL,Greater Melbourne,210,Melbourne - North West,21004,Sunbury,210041541,Sunbury - West,11147,11380,233,2.1,122,29,82,37.8,301.1
2GMEL,Greater Melbourne,210,Melbourne - North West,21005,Tullamarine - Broadmeadows,210051242,Broadmeadows,13948,14343,395,2.8,120,-341,616,8.8,1624.9
2GMEL,Greater Melbourne,210,Melbourne - North West,21005,Tullamarine - Broadmeadows,210051243,Campbellfield - Coolaroo,15882,16220,338,2.1,100,-243,481,18.2,891.9
2GMEL,Greater Melbourne,210,Melbourne - North West,21005,Tullamarine - Broadmeadows,210051245,Gladstone Park - Westmeadows,17994,18180,186,1,55,-149,280,13.9,1304.5
2GMEL,Greater Melbourne,210,Melbourne - North West,21005,Tullamarine - Broadmeadows,210051246,Greenvale - Bulla,23526,24613,1087,4.6,256,567,264,95.9,256.6
2GMEL,Greater Melbourne,210,Melbourne - North West,21005,Tullamarine - Broadmeadows,210051247,Meadow Heights,14645,14879,234,1.6,133,-299,400,4.6,3216.9
2GMEL,Greater Melbourne,210,Melbourne - North West,21005,Tullamarine - Broadmeadows,210051248,Melbourne Airport,130,130,0,0,0,0,0,30.4,4.3
2GMEL,Greater Melbourne,210,Melbourne - North West,21005,Tullamarine - Broadmeadows,210051250,Tullamarine,6515,6582,67,1,40,-132,159,3.9,1705.4
2GMEL,Greater Melbourne,210,Melbourne - North West,21005,Tullamarine - Broadmeadows,210051441,Craigieburn - Central,7987,8134,147,1.8,65,-209,291,4,2049.6
2GMEL,Greater Melbourne,210,Melbourne - North West,21005,Tullamarine - Broadmeadows,210051442,Craigieburn - North,12431,12685,254,2,139,-253,368,13.4,950.1
2GMEL,Greater Melbourne,210,Melbourne - North West,21005,Tullamarine - Broadmeadows,210051443,Craigieburn - South,22586,23482,896,4,260,39,597,11.9,1970.9
2GMEL,Greater Melbourne,210,Melbourne - North West,21005,Tullamarine - Broadmeadows,210051445,Mickleham - Yuroke,28568,31976,3408,11.9,722,2340,346,70.8,451.4
2GMEL,Greater Melbourne,210,Melbourne - North West,21005,Tullamarine - Broadmeadows,210051542,Craigieburn - North West,10377,10765,388,3.7,203,-167,352,1.9,5607.4
2GMEL,Greater Melbourne,210,Melbourne - North West,21005,Tullamarine - Broadmeadows,210051543,Craigieburn - West,13643,14250,607,4.4,171,-63,499,4.1,3485
2GMEL,Greater Melbourne,210,Melbourne - North West,21005,Tullamarine - Broadmeadows,210051544,Roxburgh Park (South) - Somerton,9509,9683,174,1.8,78,-229,325,8.9,1090.9
2GMEL,Greater Melbourne,210,Melbourne - North West,21005,Tullamarine - Broadmeadows,210051545,Roxburgh Park - North,14961,15185,224,1.5,122,-240,342,3.4,4448.1
2GMEL,Greater Melbourne,211,Melbourne - Outer East,21101,Knox,211011251,Bayswater,12708,13029,321,2.5,48,-3,276,8,1619.8
2GMEL,Greater Melbourne,211,Melbourne - Outer East,21101,Knox,211011254,Knoxfield - Scoresby,16708,17027,319,1.9,78,-45,286,15.3,1115.4
2GMEL,Greater Melbourne,211,Melbourne - Outer East,21101,Knox,211011255,Lysterfield,6569,6573,4,0.1,26,-83,61,18.5,355.4
2GMEL,Greater Melbourne,211,Melbourne - Outer East,21101,Knox,211011256,Rowville - Central,15463,15702,239,1.5,40,-32,231,8.2,1914.8
2GMEL,Greater Melbourne,211,Melbourne - Outer East,21101,Knox,211011257,Rowville - North,7809,7847,38,0.5,21,-104,121,4.2,1882.3
2GMEL,Greater Melbourne,211,Melbourne - Outer East,21101,Knox,211011258,Rowville - South,10393,10479,86,0.8,64,-111,133,9.4,1120.4
2GMEL,Greater Melbourne,211,Melbourne - Outer East,21101,Knox,211011259,Wantirna,14219,14519,300,2.1,-20,-6,326,8.3,1747.9
2GMEL,Greater Melbourne,211,Melbourne - Outer East,21101,Knox,211011260,Wantirna South,17974,18164,190,1.1,-50,-195,435,13.4,1360
2GMEL,Greater Melbourne,211,Melbourne - Outer East,21101,Knox,211011446,Boronia,23850,24196,346,1.5,60,-21,307,11.3,2148.3
2GMEL,Greater Melbourne,211,Melbourne - Outer East,21101,Knox,211011447,Ferntree Gully - North,14234,14385,151,1.1,55,-40,136,7,2059.4
2GMEL,Greater Melbourne,211,Melbourne - Outer East,21101,Knox,211011448,Ferntree Gully (South) - Upper Ferntree Gully,15349,15571,222,1.4,104,-20,138,9.1,1701.8
2GMEL,Greater Melbourne,211,Melbourne - Outer East,21101,Knox,211011449,The Basin,4314,4316,2,0,18,-42,26,5.7,755
2GMEL,Greater Melbourne,211,Melbourne - Outer East,21102,Manningham - East,211021261,Donvale - Park Orchards,16405,16511,106,0.6,-77,-59,242,20.8,793.7
2GMEL,Greater Melbourne,211,Melbourne - Outer East,21102,Manningham - East,211021262,Warrandyte - Wonga Park,10090,10139,49,0.5,-6,-41,96,45.8,221.6
2GMEL,Greater Melbourne,211,Melbourne - Outer East,21103,Maroondah,211031263,Bayswater North,11839,11921,82,0.7,30,-61,113,9.9,1203
2GMEL,Greater Melbourne,211,Melbourne - Outer East,21103,Maroondah,211031265,Croydon Hills - Warranwood,18152,18326,174,1,54,-66,186,9.5,1930.7
2GMEL,Greater Melbourne,211,Melbourne - Outer East,21103,Maroondah,211031266,Ringwood,18977,19317,340,1.8,39,-209,510,9.9,1949.1
2GMEL,Greater Melbourne,211,Melbourne - Outer East,21103,Maroondah,211031267,Ringwood East,21262,21461,199,0.9,77,-301,423,9.4,2284.8
2GMEL,Greater Melbourne,211,Melbourne - Outer East,21103,Maroondah,211031268,Ringwood North,9665,9700,35,0.4,13,-105,127,4.7,2050.4
2GMEL,Greater Melbourne,211,Melbourne - Outer East,21103,Maroondah,211031450,Croydon - East,16215,16594,379,2.3,99,23,257,8.1,2049.1
2GMEL,Greater Melbourne,211,Melbourne - Outer East,21103,Maroondah,211031451,Croydon - West,14207,14605,398,2.8,22,158,218,6.8,2148.5
2GMEL,Greater Melbourne,211,Melbourne - Outer East,21103,Maroondah,211031452,Croydon South,4977,5046,69,1.4,47,-47,69,2.9,1766.8
2GMEL,Greater Melbourne,211,Melbourne - Outer East,21104,Whitehorse - East,211041269,Forest Hill,10867,11023,156,1.4,-8,-163,327,4.1,2708.2
2GMEL,Greater Melbourne,211,Melbourne - Outer East,21104,Whitehorse - East,211041270,Mitcham (Vic.),17017,17319,302,1.8,103,-212,411,6.6,2613.4
2GMEL,Greater Melbourne,211,Melbourne - Outer East,21104,Whitehorse - East,211041271,Nunawading,12602,12927,325,2.6,19,-93,399,5.1,2545.4
2GMEL,Greater Melbourne,211,Melbourne - Outer East,21104,Whitehorse - East,211041272,Vermont,10993,11150,157,1.4,-9,-131,297,4.6,2418.8
2GMEL,Greater Melbourne,211,Melbourne - Outer East,21104,Whitehorse - East,211041273,Vermont South,12046,12181,135,1.1,-81,-117,333,6.2,1969.8
2GMEL,Greater Melbourne,211,Melbourne - Outer East,21105,Yarra Ranges,211051274,Belgrave - Selby,9990,9961,-29,-0.3,55,-162,78,55.7,179
2GMEL,Greater Melbourne,211,Melbourne - Outer East,21105,Yarra Ranges,211051275,Chirnside Park,12087,12392,305,2.5,104,90,111,22.2,558.1
2GMEL,Greater Melbourne,211,Melbourne - Outer East,21105,Yarra Ranges,211051276,Healesville - Yarra Glen,14100,14121,21,0.1,18,-73,76,369.5,38.2
2GMEL,Greater Melbourne,211,Melbourne - Outer East,21105,Yarra Ranges,211051277,Kilsyth,10105,10351,246,2.4,56,129,61,8.2,1255.8
2GMEL,Greater Melbourne,211,Melbourne - Outer East,21105,Yarra Ranges,211051278,Lilydale - Coldstream,19909,20043,134,0.7,109,-96,121,109.4,183.2
2GMEL,Greater Melbourne,211,Melbourne - Outer East,21105,Yarra Ranges,211051279,Monbulk - Silvan,5795,5807,12,0.2,21,-53,44,68.6,84.7
2GMEL,Greater Melbourne,211,Melbourne - Outer East,21105,Yarra Ranges,211051280,Montrose,6962,6928,-34,-0.5,-30,-47,43,10.5,657.1
2GMEL,Greater Melbourne,211,Melbourne - Outer East,21105,Yarra Ranges,211051281,Mooroolbark,23607,23985,378,1.6,153,19,206,12.5,1912.2
2GMEL,Greater Melbourne,211,Melbourne - Outer East,21105,Yarra Ranges,211051282,Mount Dandenong - Olinda,9642,9633,-9,-0.1,37,-135,89,81.9,117.6
2GMEL,Greater Melbourne,211,Melbourne - Outer East,21105,Yarra Ranges,211051283,Mount Evelyn,9807,9919,112,1.1,83,-32,61,17,583.8
2GMEL,Greater Melbourne,211,Melbourne - Outer East,21105,Yarra Ranges,211051284,Upwey - Tecoma,9732,9777,45,0.5,75,-112,82,8.9,1099.7
2GMEL,Greater Melbourne,211,Melbourne - Outer East,21105,Yarra Ranges,211051285,Wandin - Seville,7950,7989,39,0.5,72,-64,31,111.8,71.5
2GMEL,Greater Melbourne,211,Melbourne - Outer East,21105,Yarra Ranges,211051286,Yarra Valley,16957,16963,6,0,85,-142,63,729.8,23.2
2GMEL,Greater Melbourne,212,Melbourne - South East,21201,Cardinia,212011289,Emerald - Cockatoo,18741,18911,170,0.9,84,-6,92,371.6,50.9
2GMEL,Greater Melbourne,212,Melbourne - South East,21201,Cardinia,212011546,Beaconsfield - Officer,25775,26967,1192,4.6,362,573,257,33.3,811
2GMEL,Greater Melbourne,212,Melbourne - South East,21201,Cardinia,212011547,Bunyip - Garfield,10063,10193,130,1.3,29,63,38,366,27.9
2GMEL,Greater Melbourne,212,Melbourne - South East,21201,Cardinia,212011548,Koo Wee Rup,10814,11523,709,6.6,132,519,58,414.7,27.8
2GMEL,Greater Melbourne,212,Melbourne - South East,21201,Cardinia,212011549,Pakenham - North East,15793,16028,235,1.5,220,-116,131,18.9,846.7
2GMEL,Greater Melbourne,212,Melbourne - South East,21201,Cardinia,212011550,Pakenham - North West,8103,8808,705,8.7,140,485,80,24.7,356.9
2GMEL,Greater Melbourne,212,Melbourne - South East,21201,Cardinia,212011551,Pakenham - South East,6601,6689,88,1.3,55,-45,78,30.9,216.2
2GMEL,Greater Melbourne,212,Melbourne - South East,21201,Cardinia,212011552,Pakenham - South West,27453,27999,546,2,275,-109,380,22.3,1256.8
2GMEL,Greater Melbourne,212,Melbourne - South East,21202,Casey - North,212021293,Berwick - North,23076,23563,487,2.1,-2,100,389,19.7,1193.2
2GMEL,Greater Melbourne,212,Melbourne - South East,21202,Casey - North,212021295,Doveton,12169,12515,346,2.8,122,-169,393,5.2,2409.7
2GMEL,Greater Melbourne,212,Melbourne - South East,21202,Casey - North,212021297,Hallam,11580,11765,185,1.6,47,-209,347,8.1,1460.3
2GMEL,Greater Melbourne,212,Melbourne - South East,21202,Casey - North,212021299,Narre Warren North,8236,8206,-30,-0.4,-13,-102,85,34.4,238.5
2GMEL,Greater Melbourne,212,Melbourne - South East,21202,Casey - North,212021453,Endeavour Hills - North,12077,12048,-29,-0.2,35,-257,193,14.5,832.4
2GMEL,Greater Melbourne,212,Melbourne - South East,21202,Casey - North,212021454,Endeavour Hills - South,13309,13506,197,1.5,88,-161,270,5.6,2417.3
2GMEL,Greater Melbourne,212,Melbourne - South East,21202,Casey - North,212021455,Narre Warren - North East,13500,13656,156,1.2,116,-163,203,4.9,2801.8
2GMEL,Greater Melbourne,212,Melbourne - South East,21202,Casey - North,212021456,Narre Warren - South West,14955,15266,311,2.1,124,-249,436,9.3,1640.6
2GMEL,Greater Melbourne,212,Melbourne - South East,21202,Casey - North,212021553,Berwick - South East,18378,19159,781,4.2,145,317,319,9.9,1938.5
2GMEL,Greater Melbourne,212,Melbourne - South East,21202,Casey - North,212021554,Berwick - South West,11653,12125,472,4.1,120,147,205,5,2439
2GMEL,Greater Melbourne,212,Melbourne - South East,21203,Casey - South,212031300,Cranbourne,21616,22034,418,1.9,202,-179,395,13,1691.4
2GMEL,Greater Melbourne,212,Melbourne - South East,21203,Casey - South,212031303,Cranbourne South,19727,21862,2135,10.8,385,1567,183,81.7,267.7
2GMEL,Greater Melbourne,212,Melbourne - South East,21203,Casey - South,212031304,Cranbourne West,22959,23813,854,3.7,350,137,367,12.9,1846.3
2GMEL,Greater Melbourne,212,Melbourne - South East,21203,Casey - South,212031306,Lynbrook - Lyndhurst,18648,19029,381,2,172,-266,475,7.4,2586.1
2GMEL,Greater Melbourne,212,Melbourne - South East,21203,Casey - South,212031308,Pearcedale - Tooradin,8104,8142,38,0.5,50,-33,21,98.5,82.7
2GMEL,Greater Melbourne,212,Melbourne - South East,21203,Casey - South,212031457,Narre Warren South - East,13168,13162,-6,0,69,-249,174,6.2,2115.9
2GMEL,Greater Melbourne,212,Melbourne - South East,21203,Casey - South,212031458,Narre Warren South - West,16777,17099,322,1.9,178,-264,408,6.8,2523.1
2GMEL,Greater Melbourne,212,Melbourne - South East,21203,Casey - South,212031555,Clyde North - North,11702,12529,827,7.1,155,488,184,6.9,1820.2
2GMEL,Greater Melbourne,212,Melbourne - South East,21203,Casey - South,212031556,Clyde North - South,18009,20688,2679,14.9,458,2039,182,19.7,1052.6
2GMEL,Greater Melbourne,212,Melbourne - South East,21203,Casey - South,212031557,Cranbourne East - North,24269,24860,591,2.4,345,-241,487,11,2254.8
2GMEL,Greater Melbourne,212,Melbourne - South East,21203,Casey - South,212031558,Cranbourne East - South,13665,14472,807,5.9,240,365,202,5.3,2716.6
2GMEL,Greater Melbourne,212,Melbourne - South East,21203,Casey - South,212031559,Cranbourne North - East,13271,13578,307,2.3,181,-178,304,5.5,2489.3
2GMEL,Greater Melbourne,212,Melbourne - South East,21203,Casey - South,212031560,Cranbourne North - West,11986,12193,207,1.7,137,-148,218,4.8,2548.2
2GMEL,Greater Melbourne,212,Melbourne - South East,21203,Casey - South,212031561,Hampton Park - East,12843,13136,293,2.3,138,-253,408,8.2,1598.3
2GMEL,Greater Melbourne,212,Melbourne - South East,21203,Casey - South,212031562,Hampton Park - West,13427,13704,277,2.1,132,-250,395,5.1,2674.8
2GMEL,Greater Melbourne,212,Melbourne - South East,21204,Dandenong,212041309,Clarinda - Oakleigh South,11500,11674,174,1.5,-43,-72,289,6.3,1846.4
2GMEL,Greater Melbourne,212,Melbourne - South East,21204,Dandenong,212041310,Clayton South,13949,14740,791,5.7,67,-213,937,7.9,1856.9
2GMEL,Greater Melbourne,212,Melbourne - South East,21204,Dandenong,212041312,Dandenong North,22565,22908,343,1.5,71,-354,626,9.5,2421.8
2GMEL,Greater Melbourne,212,Melbourne - South East,21204,Dandenong,212041313,Dingley Village,10557,10673,116,1.1,8,-11,119,7.2,1473.4
2GMEL,Greater Melbourne,212,Melbourne - South East,21204,Dandenong,212041316,Noble Park North,7466,7592,126,1.7,37,-71,160,3.8,2020.5
2GMEL,Greater Melbourne,212,Melbourne - South East,21204,Dandenong,212041317,Springvale,22639,23509,870,3.8,102,-477,1245,11.1,2116.9
2GMEL,Greater Melbourne,212,Melbourne - South East,21204,Dandenong,212041318,Springvale South,12463,12828,365,2.9,52,-182,495,4.6,2813.2
2GMEL,Greater Melbourne,212,Melbourne - South East,21204,Dandenong,212041459,Noble Park - East,12868,13362,494,3.8,51,-227,670,3.8,3547
2GMEL,Greater Melbourne,212,Melbourne - South East,21204,Dandenong,212041460,Noble Park - West,19682,20206,524,2.7,76,-390,838,4.8,4214.3
2GMEL,Greater Melbourne,212,Melbourne - South East,21204,Dandenong,212041563,Dandenong - North,21384,22193,809,3.8,153,-637,1293,8,2760
2GMEL,Greater Melbourne,212,Melbourne - South East,21204,Dandenong,212041564,Dandenong - South,9558,9826,268,2.8,139,-322,451,53.8,182.7
2GMEL,Greater Melbourne,212,Melbourne - South East,21204,Dandenong,212041565,Keysborough - North,15006,15119,113,0.8,40,-251,324,6.6,2288.9
2GMEL,Greater Melbourne,212,Melbourne - South East,21204,Dandenong,212041566,Keysborough - South,15663,16249,586,3.7,122,78,386,23.7,686.4
2GMEL,Greater Melbourne,212,Melbourne - South East,21205,Monash,212051319,Ashwood - Chadstone,20077,20600,523,2.6,92,-387,818,6.7,3070.6
2GMEL,Greater Melbourne,212,Melbourne - South East,21205,Monash,212051321,Glen Waverley - East,21755,22429,674,3.1,-4,-339,1017,9.2,2447.4
2GMEL,Greater Melbourne,212,Melbourne - South East,21205,Monash,212051322,Glen Waverley - West,21545,22533,988,4.6,-34,-247,1269,7.7,2935.6
2GMEL,Greater Melbourne,212,Melbourne - South East,21205,Monash,212051323,Mount Waverley - North,16302,16796,494,3,29,-244,709,6.5,2590.4
2GMEL,Greater Melbourne,212,Melbourne - South East,21205,Monash,212051324,Mount Waverley - South,19608,20236,628,3.2,-14,-115,757,8.7,2325.8
2GMEL,Greater Melbourne,212,Melbourne - South East,21205,Monash,212051325,Mulgrave,20232,20690,458,2.3,46,-175,587,10.7,1930.2
2GMEL,Greater Melbourne,212,Melbourne - South East,21205,Monash,212051326,Oakleigh - Huntingdale,23558,24439,881,3.7,80,-231,1032,10.2,2403
2GMEL,Greater Melbourne,212,Melbourne - South East,21205,Monash,212051327,Wheelers Hill,20691,20973,282,1.4,-190,-20,492,10.4,2009
2GMEL,Greater Melbourne,212,Melbourne - South East,21205,Monash,212051567,Clayton (North) - Notting Hill,10735,12753,2018,18.8,-3,-228,2249,5.2,2438.8
2GMEL,Greater Melbourne,212,Melbourne - South East,21205,Monash,212051568,Clayton - Central,12914,14178,1264,9.8,12,-434,1686,4.2,3390.3
2GMEL,Greater Melbourne,213,Melbourne - West,21301,Brimbank,213011328,Ardeer - Albion,7480,7711,231,3.1,48,-140,323,4.6,1680.6
2GMEL,Greater Melbourne,213,Melbourne - West,21301,Brimbank,213011329,Cairnlea,10012,10101,89,0.9,67,-154,176,4.4,2292.5
2GMEL,Greater Melbourne,213,Melbourne - West,21301,Brimbank,213011331,Delahey,8039,8019,-20,-0.2,12,-177,145,3.5,2287.5
2GMEL,Greater Melbourne,213,Melbourne - West,21301,Brimbank,213011332,Keilor Downs,12990,13011,21,0.2,38,-202,185,7.7,1698.6
2GMEL,Greater Melbourne,213,Melbourne - West,21301,Brimbank,213011333,Kings Park (Vic.),13845,13879,34,0.2,46,-305,293,4.4,3131.3
2GMEL,Greater Melbourne,213,Melbourne - West,21301,Brimbank,213011334,St Albans - North,20335,20760,425,2.1,114,-436,747,6.5,3182.8
2GMEL,Greater Melbourne,213,Melbourne - West,21301,Brimbank,213011335,St Albans - South,17134,17496,362,2.1,36,-296,622,6.3,2792.8
2GMEL,Greater Melbourne,213,Melbourne - West,21301,Brimbank,213011336,Sunshine,9629,9940,311,3.2,36,-194,469,4.7,2100.6
2GMEL,Greater Melbourne,213,Melbourne - West,21301,Brimbank,213011337,Sunshine North,11990,12214,224,1.9,37,-133,320,8,1522.2
2GMEL,Greater Melbourne,213,Melbourne - West,21301,Brimbank,213011338,Sunshine West,18307,18572,265,1.4,87,-297,475,13,1432.1
2GMEL,Greater Melbourne,213,Melbourne - West,21301,Brimbank,213011339,Sydenham,11606,11804,198,1.7,18,-205,385,3.9,2989.9
2GMEL,Greater Melbourne,213,Melbourne - West,21301,Brimbank,213011340,Taylors Lakes,16771,16927,156,0.9,50,-84,190,18.5,916.8
2GMEL,Greater Melbourne,213,Melbourne - West,21301,Brimbank,213011569,Deer Park,17990,18202,212,1.2,174,-436,474,8.1,2253.6
2GMEL,Greater Melbourne,213,Melbourne - West,21301,Brimbank,213011570,Derrimut,8726,8851,125,1.4,91,-194,228,13.3,667.6
2GMEL,Greater Melbourne,213,Melbourne - West,21302,Hobsons Bay,213021341,Altona,13728,13899,171,1.2,47,-132,256,17.7,786
2GMEL,Greater Melbourne,213,Melbourne - West,21302,Hobsons Bay,213021342,Altona Meadows,18360,18644,284,1.5,40,-94,338,10.5,1768.6
2GMEL,Greater Melbourne,213,Melbourne - West,21302,Hobsons Bay,213021343,Altona North,15071,15387,316,2.1,72,4,240,16.2,950.7
2GMEL,Greater Melbourne,213,Melbourne - West,21302,Hobsons Bay,213021344,Newport,18961,19487,526,2.8,142,18,366,8.8,2204.2
2GMEL,Greater Melbourne,213,Melbourne - West,21302,Hobsons Bay,213021345,Seabrook,4867,4926,59,1.2,46,-88,101,1.6,3040.9
2GMEL,Greater Melbourne,213,Melbourne - West,21302,Hobsons Bay,213021346,Williamstown,16179,16586,407,2.5,36,8,363,7.3,2257.7
2GMEL,Greater Melbourne,213,Melbourne - West,21303,Maribyrnong,213031347,Braybrook,19541,20210,669,3.4,113,-434,990,7.5,2700.3
2GMEL,Greater Melbourne,213,Melbourne - West,21303,Maribyrnong,213031348,Footscray,18127,19957,1830,10.1,58,200,1572,5,4017.8
2GMEL,Greater Melbourne,213,Melbourne - West,21303,Maribyrnong,213031349,Maribyrnong,12906,13408,502,3.9,74,-202,630,5.5,2440.7
2GMEL,Greater Melbourne,213,Melbourne - West,21303,Maribyrnong,213031350,Seddon - Kingsville,9374,9575,201,2.1,92,-232,341,1.7,5698.4
2GMEL,Greater Melbourne,213,Melbourne - West,21303,Maribyrnong,213031351,West Footscray - Tottenham,11996,12592,596,5,138,2,456,6,2105.4
2GMEL,Greater Melbourne,213,Melbourne - West,21303,Maribyrnong,213031352,Yarraville,15661,16020,359,2.3,109,-112,362,5.6,2850.5
2GMEL,Greater Melbourne,213,Melbourne - West,21304,Melton - Bacchus Marsh,213041353,Bacchus Marsh,25628,26055,427,1.7,164,132,131,196.3,132.7
2GMEL,Greater Melbourne,213,Melbourne - West,21304,Melton - Bacchus Marsh,213041358,Melton West,21849,22255,406,1.9,238,-30,198,24.2,919.5
2GMEL,Greater Melbourne,213,Melbourne - West,21304,Melton - Bacchus Marsh,213041359,Rockbank - Mount Cottrell,22960,27259,4299,18.7,637,3443,219,125.8,216.8
2GMEL,Greater Melbourne,213,Melbourne - West,21304,Melton - Bacchus Marsh,213041360,Taylors Hill,19884,19892,8,0,143,-445,310,6,3333.2
2GMEL,Greater Melbourne,213,Melbourne - West,21304,Melton - Bacchus Marsh,213041461,Burnside,6017,6225,208,3.5,24,89,95,2.6,2439.3
2GMEL,Greater Melbourne,213,Melbourne - West,21304,Melton - Bacchus Marsh,213041462,Burnside Heights,6356,6500,144,2.3,58,-44,130,2,3257.5
2GMEL,Greater Melbourne,213,Melbourne - West,21304,Melton - Bacchus Marsh,213041463,Caroline Springs,20698,20942,244,1.2,162,-374,456,7,3012.1
2GMEL,Greater Melbourne,213,Melbourne - West,21304,Melton - Bacchus Marsh,213041571,Brookfield,9976,10167,191,1.9,120,-87,158,10.7,950.8
2GMEL,Greater Melbourne,213,Melbourne - West,21304,Melton - Bacchus Marsh,213041572,Cobblebank - Strathtulloh,8876,10248,1372,15.5,259,1006,107,19.8,518.6
2GMEL,Greater Melbourne,213,Melbourne - West,21304,Melton - Bacchus Marsh,213041573,Eynesbury - Exford,3132,3427,295,9.4,44,229,22,69.5,49.3
2GMEL,Greater Melbourne,213,Melbourne - West,21304,Melton - Bacchus Marsh,213041574,Fraser Rise - Plumpton,12991,16420,3429,26.4,310,2987,132,58.7,279.6
2GMEL,Greater Melbourne,213,Melbourne - West,21304,Melton - Bacchus Marsh,213041575,Hillside,16230,16143,-87,-0.5,123,-368,158,7.8,2065.2
2GMEL,Greater Melbourne,213,Melbourne - West,21304,Melton - Bacchus Marsh,213041576,Kurunjang - Toolern Vale,11831,11914,83,0.7,110,-133,106,120.8,98.6
2GMEL,Greater Melbourne,213,Melbourne - West,21304,Melton - Bacchus Marsh,213041577,Melton,7909,8011,102,1.3,18,-37,121,9.9,812.4
2GMEL,Greater Melbourne,213,Melbourne - West,21304,Melton - Bacchus Marsh,213041578,Melton South - Weir Views,18736,20224,1488,7.9,277,990,221,11,1835.1
2GMEL,Greater Melbourne,213,Melbourne - West,21305,Wyndham,213051361,Hoppers Crossing - North,18263,18317,54,0.3,142,-408,320,10.9,1678.4
2GMEL,Greater Melbourne,213,Melbourne - West,21305,Wyndham,213051362,Hoppers Crossing - South,18511,18789,278,1.5,159,-417,536,7,2679.8
2GMEL,Greater Melbourne,213,Melbourne - West,21305,Wyndham,213051363,Laverton,11891,12421,530,4.5,184,-150,496,22.2,558.4
2GMEL,Greater Melbourne,213,Melbourne - West,21305,Wyndham,213051368,Werribee - South,17473,17832,359,2.1,38,14,307,114,156.4
2GMEL,Greater Melbourne,213,Melbourne - West,21305,Wyndham,213051464,Point Cook - East,20154,20834,680,3.4,269,-150,561,19,1094.5
2GMEL,Greater Melbourne,213,Melbourne - West,21305,Wyndham,213051466,Point Cook - South,19678,20237,559,2.8,256,-348,651,9.4,2147.9
2GMEL,Greater Melbourne,213,Melbourne - West,21305,Wyndham,213051467,Werribee - East,18818,18972,154,0.8,57,-392,489,7.8,2445.8
2GMEL,Greater Melbourne,213,Melbourne - West,21305,Wyndham,213051468,Werribee - West,25536,28144,2608,10.2,481,1823,304,127.7,220.5
2GMEL,Greater Melbourne,213,Melbourne - West,21305,Wyndham,213051579,Manor Lakes - Quandong,11437,12002,565,4.9,202,100,263,72,166.6
2GMEL,Greater Melbourne,213,Melbourne - West,21305,Wyndham,213051580,Point Cook - North East,14314,14697,383,2.7,115,-151,419,5.6,2646.8
2GMEL,Greater Melbourne,213,Melbourne - West,21305,Wyndham,213051581,Point Cook - North West,9753,9998,245,2.5,106,-185,324,2.9,3403
2GMEL,Greater Melbourne,213,Melbourne - West,21305,Wyndham,213051582,Tarneit (West) - Mount Cottrell,13094,15293,2199,16.8,364,1609,226,36.7,416.6
2GMEL,Greater Melbourne,213,Melbourne - West,21305,Wyndham,213051583,Tarneit - Central,28727,29321,594,2.1,412,-915,1097,8,3683.2
2GMEL,Greater Melbourne,213,Melbourne - West,21305,Wyndham,213051584,Tarneit - North,9428,11213,1785,18.9,257,1360,168,14.3,781.7
2GMEL,Greater Melbourne,213,Melbourne - West,21305,Wyndham,213051585,Tarneit - South,11411,11633,222,1.9,169,-267,320,3.1,3716.5
2GMEL,Greater Melbourne,213,Melbourne - West,21305,Wyndham,213051586,Truganina - North,11596,13025,1429,12.3,295,889,245,17.5,743.5
2GMEL,Greater Melbourne,213,Melbourne - West,21305,Wyndham,213051587,Truganina - South East,10031,10443,412,4.1,187,-129,354,4.3,2447.1
2GMEL,Greater Melbourne,213,Melbourne - West,21305,Wyndham,213051588,Truganina - South West,19534,19938,404,2.1,335,-669,738,5.4,3707.5
2GMEL,Greater Melbourne,213,Melbourne - West,21305,Wyndham,213051589,Wyndham Vale - North,10722,11899,1177,11,262,737,178,51.2,232.2
2GMEL,Greater Melbourne,213,Melbourne - West,21305,Wyndham,213051590,Wyndham Vale - South,13725,13888,163,1.2,155,-212,220,5,2801.4
2GMEL,Greater Melbourne,214,Mornington Peninsula,21401,Frankston,214011370,Carrum Downs,22405,22892,487,2.2,153,77,257,20.3,1127.2
2GMEL,Greater Melbourne,214,Mornington Peninsula,21401,Frankston,214011371,Frankston,23827,24164,337,1.4,103,-115,349,11.6,2078.7
2GMEL,Greater Melbourne,214,Mornington Peninsula,21401,Frankston,214011372,Frankston North,19609,19757,148,0.8,65,-120,203,13.2,1492.4
2GMEL,Greater Melbourne,214,Mornington Peninsula,21401,Frankston,214011373,Frankston South,18997,19156,159,0.8,-28,-22,209,14.6,1315.6
2GMEL,Greater Melbourne,214,Mornington Peninsula,21401,Frankston,214011374,Langwarrin,25361,25563,202,0.8,150,-96,148,37.6,679.5
2GMEL,Greater Melbourne,214,Mornington Peninsula,21401,Frankston,214011375,Seaford (Vic.),17489,17764,275,1.6,124,-33,184,12.4,1428.9
2GMEL,Greater Melbourne,214,Mornington Peninsula,21401,Frankston,214011376,Skye - Sandhurst,13473,13530,57,0.4,104,-204,157,19.8,682.8
2GMEL,Greater Melbourne,214,Mornington Peninsula,21402,Mornington Peninsula,214021377,Dromana,13566,13574,8,0.1,-30,-56,94,45.1,301.3
2GMEL,Greater Melbourne,214,Mornington Peninsula,21402,Mornington Peninsula,214021378,Flinders,6047,6015,-32,-0.5,-15,-78,61,287.4,20.9
2GMEL,Greater Melbourne,214,Mornington Peninsula,21402,Mornington Peninsula,214021379,Hastings - Somers,24073,23973,-100,-0.4,58,-279,121,108.9,220.2
2GMEL,Greater Melbourne,214,Mornington Peninsula,21402,Mornington Peninsula,214021381,Mount Eliza,18783,18878,95,0.5,-9,-149,253,23.2,813.4
2GMEL,Greater Melbourne,214,Mornington Peninsula,21402,Mornington Peninsula,214021382,Mount Martha,19983,20087,104,0.5,-13,-71,188,30.2,664.9
2GMEL,Greater Melbourne,214,Mornington Peninsula,21402,Mornington Peninsula,214021383,Point Nepean,19940,19947,7,0,-35,-101,143,67.2,296.9
2GMEL,Greater Melbourne,214,Mornington Peninsula,21402,Mornington Peninsula,214021384,Rosebud - McCrae,22986,23108,122,0.5,-154,135,141,23.8,971.1
2GMEL,Greater Melbourne,214,Mornington Peninsula,21402,Mornington Peninsula,214021385,Somerville,18618,18809,191,1,68,23,100,117.4,160.3
2GMEL,Greater Melbourne,214,Mornington Peninsula,21402,Mornington Peninsula,214021591,Mornington - East,15098,15075,-23,-0.2,-90,-54,121,14.7,1026.3
2GMEL,Greater Melbourne,214,Mornington Peninsula,21402,Mornington Peninsula,214021592,Mornington - West,10639,10777,138,1.3,-69,100,107,6.4,1682.7
2RVIC,Rest of Vic.,215,North West,21501,Grampians,215011386,Ararat,8396,8339,-57,-0.7,-21,-116,80,161.2,51.7
2RVIC,Rest of Vic.,215,North West,21501,Grampians,215011387,Ararat Surrounds,3190,3162,-28,-0.9,-3,-50,25,4023.2,0.8
2RVIC,Rest of Vic.,215,North West,21501,Grampians,215011388,Horsham,16939,16876,-63,-0.4,6,-150,81,83.1,203.2
2RVIC,Rest of Vic.,215,North West,21501,Grampians,215011389,Horsham Surrounds,3437,3467,30,0.9,11,10,9,4251.5,0.8
2RVIC,Rest of Vic.,215,North West,21501,Grampians,215011390,Nhill Region,6839,6796,-43,-0.6,-27,-46,30,11042.8,0.6
2RVIC,Rest of Vic.,215,North West,21501,Grampians,215011391,St Arnaud,3451,3435,-16,-0.5,-2,-25,11,3008.6,1.1
2RVIC,Rest of Vic.,215,North West,21501,Grampians,215011392,Stawell,8442,8459,17,0.2,1,-39,55,2743.4,3.1
2RVIC,Rest of Vic.,215,North West,21501,Grampians,215011393,West Wimmera,2724,2715,-9,-0.3,-5,-11,7,5686.4,0.5
2RVIC,Rest of Vic.,215,North West,21501,Grampians,215011394,Yarriambiack,6376,6327,-49,-0.8,-42,-20,13,7139.6,0.9
2RVIC,Rest of Vic.,215,North West,21502,Mildura,215021395,Irymple,7768,7876,108,1.4,41,30,37,88.6,88.9
2RVIC,Rest of Vic.,215,North West,21502,Mildura,215021396,Merbein,4934,4943,9,0.2,5,-10,14,101.7,48.6
2RVIC,Rest of Vic.,215,North West,21502,Mildura,215021398,Mildura Surrounds,3737,3759,22,0.6,1,-23,44,21568.8,0.2
2RVIC,Rest of Vic.,215,North West,21502,Mildura,215021399,Red Cliffs,6106,6065,-41,-0.7,-9,-64,32,246.7,24.6
2RVIC,Rest of Vic.,215,North West,21502,Mildura,215021469,Mildura - North,18137,18229,92,0.5,46,-311,357,25.1,725.8
2RVIC,Rest of Vic.,215,North West,21502,Mildura,215021470,Mildura - South,16568,16682,114,0.7,64,-84,134,51,327.1
2RVIC,Rest of Vic.,215,North West,21503,Murray River - Swan Hill,215031400,Buloke,6124,6044,-80,-1.3,-41,-64,25,8068.7,0.7
2RVIC,Rest of Vic.,215,North West,21503,Murray River - Swan Hill,215031401,Gannawarra,6629,6559,-70,-1.1,-23,-50,3,3568.3,1.8
2RVIC,Rest of Vic.,215,North West,21503,Murray River - Swan Hill,215031402,Kerang,3900,3856,-44,-1.1,-33,-11,0,146.6,26.3
2RVIC,Rest of Vic.,215,North West,21503,Murray River - Swan Hill,215031403,Robinvale,3687,3753,66,1.8,34,-77,109,181.6,20.7
2RVIC,Rest of Vic.,215,North West,21503,Murray River - Swan Hill,215031404,Swan Hill,11032,10948,-84,-0.8,26,-187,77,126.6,86.5
2RVIC,Rest of Vic.,215,North West,21503,Murray River - Swan Hill,215031405,Swan Hill Surrounds,6521,6512,-9,-0.1,22,-92,61,5759.6,1.1
2RVIC,Rest of Vic.,216,Shepparton,21601,Campaspe,216011406,Echuca,15629,15585,-44,-0.3,-36,-75,67,184,84.7
2RVIC,Rest of Vic.,216,Shepparton,21601,Campaspe,216011407,Kyabram,11002,10952,-50,-0.5,-31,-68,49,738.9,14.8
2RVIC,Rest of Vic.,216,Shepparton,21601,Campaspe,216011408,Lockington - Gunbower,3968,3944,-24,-0.6,12,-50,14,1646.4,2.4
2RVIC,Rest of Vic.,216,Shepparton,21601,Campaspe,216011409,Rochester,3960,3792,-168,-4.2,-9,-162,3,351.6,10.8
2RVIC,Rest of Vic.,216,Shepparton,21601,Campaspe,216011410,Rushworth,4159,4187,28,0.7,-7,24,11,1633.9,2.6
2RVIC,Rest of Vic.,216,Shepparton,21602,Moira,216021411,Cobram,6498,6662,164,2.5,-40,150,54,131.7,50.6
2RVIC,Rest of Vic.,216,Shepparton,21602,Moira,216021412,Moira,2849,2834,-15,-0.5,13,-39,11,1498.8,1.9
2RVIC,Rest of Vic.,216,Shepparton,21602,Moira,216021413,Numurkah,12510,12467,-43,-0.3,25,-112,44,2320.7,5.4
2RVIC,Rest of Vic.,216,Shepparton,21602,Moira,216021414,Yarrawonga,8727,8812,85,1,-52,112,25,94.7,93.1
2RVIC,Rest of Vic.,216,Shepparton,21603,Shepparton,216031415,Mooroopna,8295,8110,-185,-2.2,-5,-240,60,40,202.9
2RVIC,Rest of Vic.,216,Shepparton,21603,Shepparton,216031416,Shepparton - North,20117,20157,40,0.2,41,-295,294,65.7,307
2RVIC,Rest of Vic.,216,Shepparton,21603,Shepparton,216031418,Shepparton Surrounds - East,4027,4061,34,0.8,19,-4,19,1055.6,3.8
2RVIC,Rest of Vic.,216,Shepparton,21603,Shepparton,216031419,Shepparton Surrounds - West,10383,10394,11,0.1,66,-112,57,1028.7,10.1
2RVIC,Rest of Vic.,216,Shepparton,21603,Shepparton,216031593,Kialla,9477,9733,256,2.7,40,154,62,77.4,125.7
2RVIC,Rest of Vic.,216,Shepparton,21603,Shepparton,216031594,Shepparton - South East,16476,16494,18,0.1,52,-274,240,65.8,250.6
2RVIC,Rest of Vic.,217,Warrnambool and South West,21701,Glenelg - Southern Grampians,217011420,Glenelg (Vic.),8872,8839,-33,-0.4,-33,-29,29,6121.4,1.4
2RVIC,Rest of Vic.,217,Warrnambool and South West,21701,Glenelg - Southern Grampians,217011421,Hamilton (Vic.),10224,10310,86,0.8,-20,52,54,198.3,52
2RVIC,Rest of Vic.,217,Warrnambool and South West,21701,Glenelg - Southern Grampians,217011422,Portland,11175,11181,6,0.1,-4,-22,32,64,174.7
2RVIC,Rest of Vic.,217,Warrnambool and South West,21701,Glenelg - Southern Grampians,217011423,Southern Grampians,6233,6213,-20,-0.3,-6,-42,28,6562.6,0.9
2RVIC,Rest of Vic.,217,Warrnambool and South West,21703,Colac - Corangamite,217031471,Camperdown,3454,3410,-44,-1.3,-14,-37,7,98.1,34.8
2RVIC,Rest of Vic.,217,Warrnambool and South West,21703,Colac - Corangamite,217031472,Colac,12627,12640,13,0.1,-14,-53,80,54.7,230.9
2RVIC,Rest of Vic.,217,Warrnambool and South West,21703,Colac - Corangamite,217031473,Colac Surrounds,5612,5665,53,0.9,35,7,11,1934.3,2.9
2RVIC,Rest of Vic.,217,Warrnambool and South West,21703,Colac - Corangamite,217031474,Corangamite - North,5349,5322,-27,-0.5,-8,-39,20,2538.3,2.1
2RVIC,Rest of Vic.,217,Warrnambool and South West,21703,Colac - Corangamite,217031475,Corangamite - South,7143,7164,21,0.3,28,-38,31,1805.2,4
2RVIC,Rest of Vic.,217,Warrnambool and South West,21703,Colac - Corangamite,217031476,Otway,3974,3983,9,0.2,0,-33,42,1505.9,2.6
2RVIC,Rest of Vic.,217,Warrnambool and South West,21704,Warrnambool,217041477,Moyne - East,7046,7132,86,1.2,23,34,29,3275.8,2.2
2RVIC,Rest of Vic.,217,Warrnambool and South West,21704,Warrnambool,217041478,Moyne - West,10098,10148,50,0.5,24,-28,54,2037.8,5
2RVIC,Rest of Vic.,217,Warrnambool and South West,21704,Warrnambool,217041479,Warrnambool - North,22586,22762,176,0.8,57,-57,176,62.4,364.7
2RVIC,Rest of Vic.,217,Warrnambool and South West,21704,Warrnambool,217041480,Warrnambool - South,13323,13476,153,1.1,-26,-1,180,120.2,112.1
,,,,,,,Total Victoria,6630631,6815441,184810,2.8,29453,-1863,157220,227496.2,30
